career objective,summary,education,work experience,skills,research,competitive programming,projects,organizations,personal information,courses,achievements,certifications,language,contact,references,others
career objective,summary,education,work experience,skills,research,competitive programming,projects,organizations,personal information,courses,achievements,certifications,language,contact,references,additional information
objective,functional summary,educational qualifications,professional experience,hard skills,research works,competitive programming and achievements,personal projects,extracurricular,about me,course,achievements and other activities,certificates,languages,social reference,reference,professional summary
career aim,career summary,educations (&) trainings,experiences,soft skills,research/thesis,coding problem solving,project,affiliation,profile,courses/training,award (&) recognitions,licenses (&) qualifications,language ability,contact information,recommendations,other information
career synopsis,personal summary,academic qualification,experience,skills (&) abilities,thesis,contests & participations,professional projects,extracurricular activities,personal profile,training,award (&) activities,trainings (&) certifications,language proficiency,,referrals,interest
goals and objectives,professional profile,academic qualifications,work history,competences,research experience,,selective project,co-curricular experiences,personal details,training (&) workshop,honours and awards,coursework,language and skills,,referee,hobbies
career objectives,career highlights,education and qualifications ,functional expertise,skills language and tools,peer-reviewed publications,,coding projects,co-curricular activities,personal particulars,training summary,achievements / award,professional certification,language skills,,referrals/character referees,
immediate goals,executive summary,academic attainment,employment history,specialization,publications,,experience/personal projects,societies (&) clubs,brief details,personal enrichment courses/ training,key achievements,special training and accreditations,language abilities,,,
my objective,synopsis,education level,work experiences,programming skills,publication,,thesis and projects,membership,personal data,seminars and trainings,recognitions,public certification,language proficiencies,,,
objectives,summary of qualification,education background,employment profile,technical skill,,,project accomplishments,professional body membership,my personal information,,awards,training and workshop summary,language expertise,,,
,highlights,educational background,working experience,technical skills,,,,co-curricular achievements,personal detail,,award/achievements,courses & certificates,languages and dialects,,,
,summary of qualifications,education (&) qualifications,work experiences and job duties,key skills,,,,extracurricular activities (&) involvements,,,awards and achievements,course & certificates,language spoken/written,,,
,summary / profile,education (&) training,working experiences,professional skills,,,,extracurricular activities,,,educational awards (&) achievements,course & certificates,language and written,,,
,profile,educations and qualifications,employment,language and pc skills,,,,memberships,,,academic awards,course & certificate,,,,
,personal statement,academic background,career history,computer skill,,,,curricular activities,,,contest participation,,,,,
,professional experience summary,academics,employment experience,computer knowledge,,,,community involvement,,,scholarship and award / achievement,,,,,
,professional summary,education and qualification ,work (&) leadership experience,computer skills,,,,community service,,,educational awards,,,,,
,profile overview,education (&) qualification,professional experiences,it skills,,,,professional organizations,,,academic achievements,,,,,
,,professional and educational qualification,professional work experience,professional qualifications,,,,professional membership,,,academic award,,,,,
,,education / qualifications,corporate experience,relevant skills,,,,extracurricular participation,,,personal achievement,,,,,
,,education (&) professional qualifications,past employment,key skills and competencies,,,,leadership experiences,,,accomplishment and activities,,,,,
,,academic data,employment record,qualification summary and skills,,,,awards/achievements,,,award,,,,,
,,education (&) credentials,related experience,core competencies,,,,leadership positions,,,leadership (&) achievements,,,,,
,,academic profile,work experience summary,key skills and qualification,,,,co-curriculum involvement,,,awards (&) other certificate of achievement,,,,,
,,qualifications and educations,employment history -current,skills and capabilities,,,,other activities,,,awards received,,,,,
,,education history,history -previous,competencies (&) skills,,,,extra curricular activities,,,awards and appreciation,,,,,
,,academic and professional qualifications,practical experience,business skills,,,,extracurricular activity,,,awards and appreciations,,,,,
,,academic credentials,carrier histories / experiences,technical competencies,,,,,,,my achievement (&) awards,,,,,
,,education and training,career overview,software skills,,,,,,,achievements and involvements,,,,,
,,academic/ professional qualification,summary of working experience,it/is skills,,,,,,,certificate and awards,,,,,
,,academic record,career experience,personal skills,,,,,,,achievements and certificates,,,,,
,,education and professional registration,professional,computer expertise,,,,,,,awards & qualifications,,,,,
,,my academic,organisational experience,computer literacy,,,,,,,,,,,,
,,qualifications/educations,career,proficiency/expertise on tools,,,,,,,,,,,,
,,education histories,my work experience,skill (&) competences,,,,,,,,,,,,
,,education and certifications,relevant work experience and skills,highlights of technical skills,,,,,,,,,,,,
,,formal education,employment history and working experience,computer proficiency,,,,,,,,,,,,
,,educational attainment,employment details,technical summary,,,,,,,,,,,,
,,education summary,professional work experiences and responsibilities,professional qualification,,,,,,,,,,,,
,,eduacation & professional qualification,employment histories and experiences,computer and language skills,,,,,,,,,,,,
,,qualifications and educations,employment background,skill profile,,,,,,,,,,,,
,,education & professional certifications,areas of expertise,computer / typing skills,,,,,,,,,,,,
,,academic/professional qualifications,summary of experience,skills and interests,,,,,,,,,,,,
,,,knowledge of software usage,skills/strength,,,,,,,,,,,,
,,,employment highlights,knowledge and skills,,,,,,,,,,,,
,,,professional experience,computer literate,,,,,,,,,,,,
,,,relevant experience,accounting software,,,,,,,,,,,,
,,,,other skills,,,,,,,,,,,,
,,,,a /c software,,,,,,,,,,,,
,,,,skills and strengths,,,,,,,,,,,,
,,,,computing,,,,,,,,,,,,
,,,,skills and attributes,,,,,,,,,,,,
,,,,summary of skills,,,,,,,,,,,,
,,,,area of expertise,,,,,,,,,,,,
,,,,software experience,,,,,,,,,,,,
,,,,language proficiency and skills,,,,,,,,,,,,
,,,,expertise and relevant skills,,,,,,,,,,,,
,,,,skillset,,,,,,,,,,,,
,,,,skills and interest,,,,,,,,,,,,
,,,,languages and computer skills,,,,,,,,,,,,
,,,,system skills,,,,,,,,,,,,
,,,,proficiencies,,,,,,,,,,,,
,,,,skills (&) strengths,,,,,,,,,,,,
,,,,technical proficiencies,,,,,,,,,,,,
,,,,computer applications,,,,,,,,,,,,
,,,,skills and computer literacy,,,,,,,,,,,,
,,,,skills/ additional info,,,,,,,,,,,,
,,,,specialities,,,,,,,,,,,,
,,,,skills/language/professional proficiency,,,,,,,,,,,,
,,,,my skills,,,,,,,,,,,,
,,,,language and computer skills,,,,,,,,,,,,
,,,,skills and key strengths,,,,,,,,,,,,
,,,,capabilities,,,,,,,,,,,,
,,,,computer and technical skills,,,,,,,,,,,,
,,,,demonstrated abilities,,,,,,,,,,,,
,,,,"skills, abilities and language proficiency",,,,,,,,,,,,
,,,,knowledge of software usage,,,,,,,,,,,,
,,,,skills (&) interests,,,,,,,,,,,,
,,,,skill set,,,,,,,,,,,,
,,,,skills (&) characters,,,,,,,,,,,,
,,,,skills and abilities,,,,,,,,,,,,
,,,,skills and ability,,,,,,,,,,,,
,,,,qualification,,,,,,,,,,,,
,,,,competencies,,,,,,,,,,,,
,,,,additional skills,,,,,,,,,,,,
,,,,proficiencyexpertise on tools,,,,,,,,,,,,